file_name,text
img0.png,a drawing of a green pokemon with red eyes
img1.png,a green and yellow toy with a red nose
img2.png,a red and white ball with an angry look on its face
img3.png,a cartoon ball with a smile on it's face
img4.png,a bunch of balls with faces drawn on them
img5.png,a cartoon character with a potted plant on his head
img6.png,a drawing of a pokemon stuffed animal
img7.png,a picture of a cartoon character with a sword
img8.png,a drawing of a cartoon character doing a kick
img9.png,a drawing of a girl with a boxing glove
img10.png,a picture of a pink and yellow pokemon figure
img11.png,a purple ball with a skull and cross bones on it
img12.png,a cartoon picture of a green vegetable with eyes
img13.png,an image of a cartoon character flying through the air
img14.png,a drawing of a gray and black dragon
img15.png,a drawing of a gray and yellow pokemon
img16.png,a pink bird sitting on top of a white surface
img17.png,a blue and black object with two eyes
img18.png,a couple of pokemon standing next to each other
img19.png,a cartoon picture of a bear holding a baseball bat
img20.png,a drawing of a blue dragon with red eyes
img21.png,a drawing of a blue and yellow dragon
img22.png,a drawing of a fish with a horn on it's head
img23.png,a fish with a horn on it's head
img24.png,a cartoon butterfly with a sad look on its face
img25.png,a drawing of a star with a red eye
img26.png,a drawing of a star with a jewel in the center
img27.png,a cartoon character with a big smile on his face
img28.png,a green and white cartoon character with a sword
img29.png,a drawing of a woman in a red cape
img30.png,a yellow and black cartoon character with a big smile
img31.png,a very cute looking pokemon character
img32.png,a drawing of a cartoon character with wings
img33.png,an image of a cartoon character flying through the air
img34.png,a drawing of a bison with horns and horns
img35.png,a red fish with a gold crown on its head
img36.png,a drawing of a very cute looking caterpillar
img37.png,a blue and yellow dragon flying through the air
img38.png,a blue and white dragon with its mouth open
img39.png,a drawing of a blue sea turtle holding a rock
img40.png,a cartoon character with a smile on his face
img41.png,a very cute looking pokemon with big eyes
img42.png,a drawing of a blue and yellow dragon
img43.png,a drawing of a yellow and white pikachu
img44.png,a very cute looking pokemon with big eyes
img45.png,an origami dog with a pink and blue body
img46.png,an image of an animal with big eyes
img47.png,an image of a cartoon character with a big smile
img48.png,a drawing of a yellow creature with a black nose
img49.png,a picture of a mushroom with pink eyes
img50.png,a drawing of a cartoon character holding a knife
img51.png,a drawing of a dragon with its mouth open
img52.png,a drawing of a dragon with its mouth open
img53.png,a blue and white stuffed animal sitting on top of a white surface
img54.png,a blue and white bird with its wings spread
img55.png,a yellow and black pokemon pokemon character
img56.png,a yellow bird flying through the air
img57.png,a blue and white bird with a long tail
img58.png,a blue and white snake with horns on its head
img59.png,a drawing of a dragon sitting on its hind legs
img60.png,a yellow and black insect with large wings
img61.png,a yellow and black bee with a white background
img62.png,a cartoon character with a pink and white outfit
img63.png,a drawing of a cat with a pink tail
img64.png,a cartoon character with a cat like body
img65.png,a drawing of a pink cat flying through the air
img66.png,a drawing of a pikachu with a green leaf on its head
img67.png,a drawing of a yellow and green pokemon
img68.png,a drawing of a dinosaur in a dress
img69.png,a cartoon bird with a hat on its head
img70.png,a very cute looking pokemon sitting on top of a rock
img71.png,a cartoon character with a fire on his back
img72.png,a drawing of a cartoon dinosaur with its mouth open
img73.png,a drawing of a blue and yellow pokemon
img74.png,a drawing of a bird with its mouth open
img75.png,a drawing of a blue and yellow pokemon
img76.png,a brown and black animal with a white background
img77.png,a very cute looking animal with big eyes
img78.png,a cartoon character with big eyes and a big nose
img79.png,a drawing of an owl with a crown on its head
img80.png,a very cute looking cartoon character with big eyes
img81.png,a red and yellow insect flying through the air
img82.png,a green and yellow spider with its tongue out
img83.png,a drawing of a red and yellow insect
img84.png,a purple and blue dragon flying through the air
img85.png,a cartoon bird with a bandanna on its head
img86.png,a drawing of a blue fish with yellow eyes
img87.png,a cartoon blue fish with a yellow fin
img88.png,a cartoon pikachu with big eyes and big ears
img89.png,a pink cat with brown ears sitting down
img90.png,a pink cartoon character with big eyes
img91.png,a drawing of a pokemon pikachu in a bowl
img92.png,a white pokemon with a red and blue tail
img93.png,a green bird with a red tail and a black nose
img94.png,a cartoon bird with a scarf around its neck
img95.png,a drawing of a sheep with a bell on its head
img96.png,a colorful bird flying through the air
img97.png,a bird with a long beak flying through the air
img98.png,a cartoon sheep is kicking a soccer ball
img99.png,a yellow and white pokemon pokemon character
img100.png,a yellow and white cartoon character with a red eye
img101.png,a drawing of a little girl with a flower in her hair
img102.png,a blue cartoon character with a red nose and ears
img103.png,a blue and white cartoon character running
img104.png,a drawing of a cartoon character holding two green balls
img105.png,a green and yellow cartoon character
img106.png,a pink pokemon ball with a green leaf on top of it
img107.png,a green turtle with a yellow flower on its head
img108.png,a cartoon character sitting on top of a blue ball
img109.png,a drawing of a purple cat with its mouth open
img110.png,a cartoon monkey flying with a bone in its mouth
img111.png,a drawing of a plant with leaves on it
img112.png,a cartoon sunflower with a happy face
img113.png,a green and orange insect with large eyes
img114.png,a very cute looking cartoon character with big eyes
img115.png,a blue cartoon character sitting on the ground
img116.png,a drawing of a pink cat with blue eyes
img117.png,a black and yellow pokemon type animal
img118.png,a cartoon bird with a hat on its head
img119.png,a cartoon character with a crown on his head
img120.png,a drawing of a blue and green dinosaur with a pink flower on its back
img121.png,a cartoon rat with its mouth open and it's mouth wide open
img122.png,a drawing of a blue dragon with yellow eyes
img123.png,a cartoon character with a magnifying glass
img124.png,a blue cartoon character with its mouth open
img125.png,a cartoon giraffe with a ball in its mouth
img126.png,a very cute looking cartoon character with big eyes
img127.png,a white ball with red glasses on top of it
img128.png,a yellow and blue toy flying through the air
img129.png,a pink cartoon character with a blue tail
img130.png,a drawing of a robot like creature with blue eyes
img131.png,a drawing of a gray and white dragon
img132.png,a pink and black cartoon character flying through the air
img133.png,a very cute looking bird with big wings
img134.png,a pink dog with its mouth open and tongue out
img135.png,a very cute looking cartoon character with big eyes
img136.png,a drawing of a red and black robot with wings
img137.png,a red cartoon character is flying through the air
img138.png,a cartoon turtle sitting on top of a red ball
img139.png,a cartoon elephant with a backpack on it's back
img140.png,a very cute looking cartoon character with big eyes
img141.png,a drawing of a blue and red pokemon character
img142.png,a brown teddy bear holding a white object
img143.png,a cartoon bear with a ring around its neck
img144.png,a drawing of a red creature with yellow eyes
img145.png,a cartoon of a red monster with a flame coming out of it's mouth
img146.png,a bird with a long beak flying through the air
img147.png,a drawing of a small animal with a pink nose
img148.png,a brown and white animal with a pink nose
img149.png,a drawing of a pink pokemon ball floating in the air
img150.png,a drawing of a blue and white fish
img151.png,a red cartoon character laying on the ground
img152.png,a red and white bird with a yellow beak
img153.png,a drawing of a shark with a fish in it's mouth
img154.png,a drawing of a white and red dragon
img155.png,a cartoon dog is standing in a pose
img156.png,a drawing of a black and white animal with horns
img157.png,a cartoon picture of a devil with horns and legs
img158.png,a purple snake sitting on top of a white background
img159.png,a blue sea horse with a yellow tail
img160.png,a cartoon elephant with a red nose and orange ears
img161.png,a picture of a cartoon character with a hat on
img162.png,a pink and blue bird with big eyes
img163.png,a drawing of a reindeer with antlers on it's head
img164.png,a drawing of a dog holding a stick
img165.png,a drawing of a pink cartoon character
img166.png,a drawing of a cartoon character with a sword
img167.png,a drawing of a cartoon character with blonde hair
img168.png,a yellow and black cartoon character is flying
img169.png,a cartoon character with an evil look on his face
img170.png,a red and yellow pokemon pokemon character
img171.png,a pink and black cartoon character flying through the air
img172.png,a pink and white cartoon character with wings
img173.png,a drawing of a yellow and black cat
img174.png,a very cute looking bird with big wings
img175.png,a drawing of a blue and purple animal
img176.png,a very cute looking cartoon character with big eyes
img177.png,a drawing of a cartoon character with big eyes
img178.png,a drawing of a green pokemon with red eyes
img179.png,a drawing of a green creature with its mouth open
img180.png,a white and blue pokemon character with its mouth open
img181.png,a pikachu holding a cell phone and wearing a bow tie
img182.png,a cartoon character flying through the air
img183.png,a cartoon character with a hat and glasses
img184.png,a cartoon pikachu with a pink dress and a pink bow
img185.png,a cartoon character with a backpack on his back
img186.png,a cartoon pikachu with a big smile on his face
img187.png,a colorful bird flying through the air
img188.png,a drawing of a bird flying through the air
img189.png,a green and orange cartoon character
img190.png,a cartoon green lizard with a pink belly
img191.png,a green and orange dragon with a long tail
img192.png,a green pokemon sitting on top of a leaf
img193.png,a cartoon bird with a big smile on its face
img194.png,a drawing of a pikachu in the air
img195.png,a drawing of a red and black pokemon
img196.png,a drawing of a red and yellow pokemon
img197.png,a blue and orange cartoon character holding a stuffed animal
img198.png,a blue and orange cartoon fish with its mouth open
img199.png,a pikachu flying with an arrow in its hand
img200.png,a cartoon of a blue and red dragon
img201.png,a drawing of a blue and white pokemon
img202.png,a gray and black cat with yellow eyes
img203.png,a black and white dog with red eyes
img204.png,a cartoon porcupine running with its mouth open
img205.png,a drawing of a bird with blue eyes
img206.png,a red and white pokemon with yellow spikes
img207.png,a drawing of a white ball with spikes on it
img208.png,a cartoon butterfly with blue eyes and yellow wings
img209.png,a drawing of an animal's head with spikes on it
img210.png,a cartoon character sitting on top of a green leaf
img211.png,a very cute looking pokemon character with big eyes
img212.png,a cartoon bird with a green hat on its head
img213.png,a green bird with a hat on its head
img214.png,a drawing of a cartoon character with a hat on
img215.png,an emote emote emote emote emote emote emote em
img216.png,a cartoon character with a leaf on his head
img217.png,a picture of a pokemon with a leaf on its back
img218.png,a blue bird with a red and white beak
img219.png,a colorful bird is standing on its hind legs
img220.png,a drawing of an airplane flying in the sky
img221.png,a bird with its mouth open sitting on a piece of paper
img222.png,a yellow and brown pokemon pokemon character flying through the air
img223.png,a drawing of a cartoon character wearing a green hat
img224.png,a drawing of a green cat with a white dress
img225.png,a drawing of a woman in a white dress
img226.png,a drawing of a woman in a green and white dress
img227.png,a blue spider with a yellow hat on it's head
img228.png,a drawing of a bird with large eyes
img229.png,a drawing of an octopus with a sad face
img230.png,a drawing of a green and red pokemon
img231.png,a cartoon slotty sleeping on its back
img232.png,a white bird with a red beak is in the air
img233.png,a cartoon cow laying on its back on the ground
img234.png,a drawing of a pokemon with its mouth open
img235.png,a drawing of an animal with a long tail
img236.png,a cartoon character flying through the air
img237.png,a drawing of a bird flying through the air
img238.png,a purple cartoon character with a yellow ear
img239.png,a cartoon character with two eyes and a mouth open
img240.png,a blue and yellow dragon with its mouth open
img241.png,a yellow and black pokemon pikachu with pink eyes
img242.png,a cartoon character with a yellow shirt and blue pants
img243.png,a blue cartoon character holding a star
img244.png,a blue bird with a pink beak and a black nose
img245.png,a cartoon picture of a blue pokemon with a pink flower on its head
img246.png,a drawing of a pokemon with a flower on top of it
img247.png,a cartoon picture of a blue and white pokemon
img248.png,a pink and yellow animal holding a pink balloon
img249.png,a drawing of a cat wearing a purple hat
img250.png,a cartoon of a pink and purple object
img251.png,a drawing of a very cute looking pokemon
img252.png,a drawing of a woman in a pink dress with a dragon head
img253.png,a drawing of a woman standing next to a giant animal
img254.png,a drawing of a white and black animal with blue eyes
img255.png,a drawing of a dragon with black and white spots
img256.png,a drawing of a gray and white pokemon
img257.png,a drawing of a gray and white animal
img258.png,a cartoon character sitting in the middle of a pose
img259.png,a drawing of a person on a ball with wings
img260.png,a drawing of a cartoon character in a pink outfit
img261.png,a drawing of a green and yellow dragon
img262.png,a blue and yellow pokemon character with its mouth open
img263.png,a very cute looking pokemon type
img264.png,a drawing of a blue and yellow pokemon
img265.png,a cartoon character with a cross on it's chest
img266.png,a cartoon of a pikachu flying through the air
img267.png,a drawing of a bug with a re
img268.png,a very cute looking pokemon character in a costume
img269.png,a drawing of a cartoon character holding a flower
img270.png,a green cartoon character with a leaf on its head
img271.png,a purple elephant with a yellow tusk
img272.png,a drawing of a fish with a blue and yellow face
img273.png,a blue and yellow shark with its mouth open
img274.png,a drawing of a shark with its mouth open
img275.png,a drawing of a purple and green pokemon
img276.png,a ball with a blue cap on top of it
img277.png,a blue and white whale floating on top of a body of water
img278.png,a cartoon giraffe sitting down with its eyes wide open
img279.png,a drawing of a volcano with a bird on top of it
img280.png,a cartoon picture of a pink and gray dinosaur
img281.png,a cartoon picture of a tortoise with a cloud on its back
img282.png,a cartoon animal with a pink ball on its head
img283.png,a cartoon pig with a pink tail and a pink tail
img284.png,a white and red stuffed animal with black eyes
img285.png,a cartoon character with a broken arm
img286.png,a green insect with two green eyes
img287.png,a drawing of a purple dragon with spikes on it's head
img288.png,a drawing of a green and red dragon
img289.png,a green stuffed animal with a crown on its head
img290.png,a green and white stuffed animal wearing a green hat
img291.png,a blue bird flying through the sky with clouds
img292.png,a blue bird flying through the air with clouds
img293.png,a blue bird sitting on top of a cloud
img294.png,a drawing of a white and red pokemon
img295.png,a drawing of a cartoon character with a sword
img296.png,a cartoon of a crescent moon with a pink eye
img297.png,a yellow and orange object with large spikes
img298.png,a cartoon character with a toothbrush in his mouth
img299.png,a drawing of a purple and white pokemon
img300.png,a cartoon character floating on top of a blue object
img301.png,a red and white cartoon character with big eyes
img302.png,a cartoon character with a star on his head
img303.png,a drawing of a cartoon character with a pink nose
img304.png,a black and white animal with pink eyes
img305.png,a drawing of a purple and yellow flower
img306.png,a green cartoon character with a big smile
img307.png,a drawing of a cartoon character with big eyes
img308.png,a drawing of a blue and yellow pokemon
img309.png,a drawing of a fish with a long tongue
img310.png,a drawing of a pink pokemon pokemon character
img311.png,a drawing of a bird with a pink ribbon around its neck
img312.png,a drawing of a cartoon character with big eyes
img313.png,a drawing of a chamelon with a crown on it's head
img314.png,a drawing of a cartoon character with blue eyes
img315.png,a drawing of a black cat with yellow and pink wings
img316.png,a drawing of a cat with big eyes
img317.png,a gray and white object with a red light
img318.png,a drawing of a robot holding a baseball bat
img319.png,a drawing of a pokemon with a green leaf on it's back
img320.png,a drawing of a toothbrush with a yellow top
img321.png,a drawing of a white and blue pokemon
img322.png,a drawing of a white and blue pokemon
img323.png,a drawing of a pink and black pokemon character
img324.png,a cartoon character with an angry look on his face
img325.png,a cartoon character with a big smile on his face
img326.png,a drawing of a white and black cat with blue eyes
img327.png,a white and black cat mask with blue eyes
img328.png,a blue and white cartoon character with a big smile
img329.png,a picture of a blue bird with white wings
img330.png,a cartoon blue bird with its mouth open
img331.png,a picture of a cartoon character in a hole
img332.png,a blue and orange fish with its mouth open
img333.png,a drawing of a pink bird flying through the air
img334.png,a picture of a fish with a red eye
img335.png,a cartoon picture of a small furry animal
img336.png,a drawing of a pink bird with black eyes
img337.png,a cartoon character with a hat on his head
img338.png,a drawing of a cat wearing a helmet
img339.png,a drawing of a bird flying over a crescent
img340.png,a drawing of a blue and red dragon
img341.png,a drawing of a blue pokemon laying down
img342.png,a drawing of a blue and white robot
img343.png,a blue robot with a cross on it's chest
img344.png,a drawing of a blue dragon with red eyes
img345.png,a stylized image of a robot with a helmet on
img346.png,a paper model of a blue object
img347.png,a cartoon character with red eyes and arms
img348.png,a drawing of a cat sitting on top of a flower
img349.png,a drawing of a purple and white pokemon
img350.png,a very cute looking pokemon with big eyes
img351.png,a drawing of a bird flying through the air
img352.png,a drawing of a blue and silver pokemon
img353.png,a blue and yellow bird with long wings
img354.png,a blue and white fish with red accents
img355.png,a red and black dragon with a red crown on it's head
img356.png,a red and white paper model of a dragon
img357.png,a drawing of a green and yellow dragon
img358.png,a drawing of a green and yellow dragon
img359.png,a cartoon character with a star hat on
img360.png,a drawing of an orange and blue creature
img361.png,a cartoon character with a strange look on his face
img362.png,a drawing of a cartoon character holding a large object
img363.png,a drawing of a cartoon character with long legs
img364.png,a cartoon of a pikachu with a leaf on its head
img365.png,a cartoon turtle with a tree on its back
img366.png,a green and brown animal with a tree on top of it
img367.png,a drawing of a pink cat with big blue eyes
img368.png,a drawing of a cartoon monkey holding a stick
img369.png,a cartoon monkey with a blue mask on
img370.png,a very cute looking pokemon character with a fire on it's face
img371.png,a blue and white bird flying through the air
img372.png,a blue and white bird with a yellow beak
img373.png,a black and white bird with blue wings
img374.png,a cartoon bird sitting on top of a white surface
img375.png,a cartoon bird with an angry look on its face
img376.png,a drawing of a bird with a hat on its head
img377.png,a brown and white animal with a black nose
img378.png,a drawing of a cartoon character holding a flame
img379.png,a picture of a pink and white animal with blue eyes
img380.png,a cartoon animal with a big smile on its face
img381.png,a very cute looking animal with horns on it's head
img382.png,a red and black cartoon character holding a sword
img383.png,a cartoon elephant with a star on its back
img384.png,a drawing of a cat with a star on its tail
img385.png,a drawing of a black cat with a yellow star
img386.png,a green and yellow snake with a smile on its face
img387.png,a drawing of a person with a hat on
img388.png,a very cute looking pokemon with a big smile
img389.png,a drawing of a cartoon character with horns and horns
img390.png,a cartoon bat with its mouth wide open
img391.png,a very cute looking animal with a helmet on
img392.png,a gray and yellow dragon with large horns
img393.png,a cartoon of a green tree with leaves
img394.png,a cartoon character with a black cat on it's back
img395.png,a cartoon of a pink creature with yellow eyes
img396.png,a cartoon bird with a green leaf on its head
img397.png,a cartoon character with a toothbrush in his mouth
img398.png,a pink and black bird with a pink tail
img399.png,a drawing of a yellow and black bee
img400.png,a yellow bee with two eyes and two antennae
img401.png,a cartoon bee with a big smile on it's face
img402.png,a blue and white pokemon pokemon character
img403.png,a cartoon character flying through the air
img404.png,a drawing of a fox with wings on it's back
img405.png,a blue and purple dragon with a black mouth
img406.png,a pink object with a green leaf on top of it
img407.png,a drawing of a purple eggplant with a green leaf
img408.png,a yellow and pink pokemon pikachu with big eyes
img409.png,a blue and yellow animal with horns on it's head
img410.png,a pink and white cartoon animal with a yellow tail
img411.png,a blue and green bird with a yellow tail
img412.png,a pink and brown animal sitting on top of a white surface
img413.png,a cartoon monkey with two hands up in the air
img414.png,a purple bird with a white cloud on its head
img415.png,a purple bird with a yellow cross on it's head
img416.png,a cartoon bunny flying through the air
img417.png,a drawing of a cartoon character flying through the air
img418.png,a very cute looking animal with big ears
img419.png,a cartoon character with a purple hat and purple hair
img420.png,a blueberry with a green leaf on it's head
img421.png,a cartoon bird with a hat on its head
img422.png,a cartoon cat is holding onto a leash
img423.png,a drawing of a pokemon pokemon character
img424.png,a cartoon character flying through the air
img425.png,a drawing of a purple and white animal
img426.png,a drawing of a purple and white animal
img427.png,a blue object with two yellow eyes
img428.png,a blue bell with red eyes on a white background
img429.png,a cartoon character with three green balls on his head
img430.png,a cartoon character flying through the air
img431.png,a cartoon character with a strange hair style
img432.png,a pink and white animal sitting on top of a white surface
img433.png,a colorful bird with a black beak and a red beak
img434.png,a picture of a pink monster with green eyes
img435.png,a drawing of a shark with its mouth open
img436.png,a drawing of a blue and red dragon
img437.png,a drawing of a blue and orange pokemon
img438.png,a drawing of a blue and red pokemon
img439.png,a very cute looking cartoon character with a big smile
img440.png,a drawing of a blue and black pokemon
img441.png,a drawing of a pokemon character with re
img442.png,a drawing of a cartoon character with a blue and yellow outfit
img443.png,a brown and white animal with a big nose
img444.png,a cartoon character holding a giant pink donut
img445.png,a cartoon dinosaur laying on the ground with its mouth open
img446.png,a blue and white cartoon character with horns
img447.png,a very cute looking purple pokemon character
img448.png,a blue pokemon character with yellow eyes and a white shirt
img449.png,a cartoon character with a red ball in his hand
img450.png,a drawing of a green creature with a long tail
img451.png,a cartoon character with a pink and blue tail
img452.png,a black and white fish with pink eyes
img453.png,a blue bird with a big smile on it's face
img454.png,a drawing of a pokemon with a hat on top of it
img455.png,a drawing of a spider with big eyes
img456.png,a picture of a white and green monster
img457.png,a white and green pokemon pokemon character
img458.png,a drawing of a cartoon character in a red and blue outfit
img459.png,a cartoon car with a yellow top on it
img460.png,a pink and yellow cartoon character holding a banana
img461.png,a drawing of a small animal with orange and gray colors
img462.png,a cartoon of a blue creature with pink feet
img463.png,a very cute looking cartoon character with big eyes
img464.png,a cartoon character is holding a large object
img465.png,a cartoon character flying through the air
img466.png,a green and red insect flying through the air
img467.png,a cartoon picture of a crab wearing a hat
img468.png,a drawing of a small animal with green leaves
img469.png,a blue and white cartoon dog with a hat on
img470.png,a cartoon character with a bat on his back
img471.png,a very cute looking animal with a big nose
img472.png,a red and blue toy flying through the air
img473.png,a drawing of a bird flying through the air
img474.png,a drawing of a cartoon character with a green hat
img475.png,a cartoon bird with a pink hat on its head
img476.png,a cartoon character in grey and yellow
img477.png,a drawing of a cartoon character holding a surfboard
img478.png,a cartoon character flying through the air
img479.png,a picture of a cartoon character with two arrows
img480.png,a cartoon picture of a cat with a helmet on
img481.png,an orange and green robot with a smile on it's face
img482.png,an orange and blue cartoon character with big eyes
img483.png,a cartoon character with a lightning bolt
img484.png,a cartoon character with a pink nose and purple hair
img485.png,a drawing of a pokemon with a big smile
img486.png,a drawing of a pink and blue pokemon
img487.png,a drawing of a pokemon with a blue hat
img488.png,a blue and white pokemon type
img489.png,a drawing of a white and purple pokemon
img490.png,a very cute looking animal with big eyes
img491.png,a robot with a yellow helmet and green legs
img492.png,a very cute looking pokemon with big wings
img493.png,a drawing of a very cute looking pokemon
img494.png,a cartoon bird flying through the air
img495.png,a blue stuffed animal sitting on top of a white surface
img496.png,a drawing of a purple butterfly with big eyes
img497.png,a very cute looking cartoon character with big eyes
img498.png,a drawing of a black and white cat with green eyes
img499.png,a drawing of a cat with a flower on its back
img500.png,a drawing of a green and white bird
img501.png,a drawing of a white and black pokemon
img502.png,a very cute looking pokemon with a big hat on
img503.png,a green and yellow bird with big eyes
img504.png,a green and white pokemon with leaves on its back
img505.png,a drawing of a green and yellow lizard
img506.png,a cartoon character with a big nose and a big nose
img507.png,a very cute looking cartoon character with big eyes
img508.png,a drawing of a red and white pokemon
img509.png,a cartoon character with a pink nose sitting in a pile of rocks
img510.png,a very cute looking pokemon character with big eyes
img511.png,a cartoon character is holding a baseball bat
img512.png,a drawing of a cat sitting on top of a ball
img513.png,a drawing of a blue and yellow pokemon
img514.png,a cartoon character with a big smile on his face
img515.png,a drawing of a cartoon character in a striped outfit
img516.png,a very cute looking pokemon with big eyes
img517.png,a drawing of a small dog with big eyes
img518.png,a very cute looking animal with big eyes
img519.png,a drawing of a cat with green eyes
img520.png,a group of three brown rocks sitting on top of a pile of dirt
img521.png,a drawing of a cat with yellow and purple markings
img522.png,a green and yellow cartoon character with big eyes
img523.png,a green and yellow pokemon character
img524.png,a drawing of a red and yellow pokemon character
img525.png,a very cute looking pokemon character with big ears
img526.png,a cartoon character with blue hair and a blue hat
img527.png,a drawing of a cartoon character with blue hair
img528.png,a drawing of a pink ball with a flower on it
img529.png,a cartoon character sleeping on top of a ball
img530.png,a bird with yellow eyes and a black beak
img531.png,a drawing of a cat that is smiling
img532.png,a black and white bird with a red beak
img533.png,a cartoon bird with a pink beak and a green tail
img534.png,a black and white animal with a lightning bolt on its head
img535.png,a black and white zebra standing next to a star
img536.png,a paper model of a tortoise shell
img537.png,a close up of a very cute looking pokemon
img538.png,a very cute looking pokemon with big eyes
img539.png,a blue and black bat with black wings
img540.png,a cartoon of a flying bat with a heart on it's chest
img541.png,a cartoon character with a big smile on his face
img542.png,a drawing of a cat with red eyes
img543.png,a very cute looking animal with a big nose
img544.png,a drawing of an animal with wings and a tail
img545.png,a pink and white cartoon character with blue eyes
img546.png,a cartoon mouse with a pink shirt and tie
img547.png,a cartoon character holding a large piece of wood
img548.png,a cartoon character holding onto a pole
img549.png,a cartoon character with a smile on his face
img550.png,a blue and black animal with a hat on it's head
img551.png,a blue and black cartoon character with big eyes
img552.png,a cartoon character in a karate outfit
img553.png,a drawing of a cartoon character in blue and black
img554.png,a drawing of a cartoon bird with a surprised look on its face
img555.png,a cartoon bird with a green leaf around its neck
img556.png,a green cartoon character with a sad look
img557.png,a drawing of a green plant with a yellow face
img558.png,a pink and green cartoon character with large eyes
img559.png,a very cute looking animal with horns on it's head
img560.png,a very cute looking cartoon character with big horns
img561.png,a green and white cloud with two orange eyes
img562.png,a drawing of a cartoon character with green eyes
img563.png,a cartoon character with a green leaf on top of it
img564.png,a cartoon character with a crown on his head
img565.png,a drawing of a blue pokemon pokemon character
img566.png,a cartoon green fish with a big smile on it's face
img567.png,a drawing of a green bird with a knife in its mouth
img568.png,a brown and black animal with big eyes
img569.png,a drawing of a cartoon character wearing sunglasses
img570.png,a red and black dragon standing in front of a white background
img571.png,an image of a cartoon character flying through the air
img572.png,a very cute looking cartoon character with big eyes
img573.png,a green and yellow cartoon character holding a flower
img574.png,a cartoon picture of a giant rock with eyes
img575.png,a cartoon picture of a giant spider crawling out of a rock
img576.png,a very cute looking cartoon character with big eyes
img577.png,a drawing of a cat with its arms in the air
img578.png,a cartoon character with a scarf around his neck
img579.png,a cartoon bird with multicolored wings and a black beak
img580.png,a cartoon character is holding a banana
img581.png,a picture of a cartoon character on a cell phone
img582.png,a cartoon turtle with a helmet on its head
img583.png,a drawing of a blue and black pokemon
img584.png,a very cute looking bird with big wings
img585.png,a very cute looking pokemon with big wings
img586.png,a very cute looking green pokemon with big eyes
img587.png,a cartoon character sitting on the ground with a cell phone in his hand
img588.png,a cartoon picture of a cat with its head in the air
img589.png,a drawing of a cat with red hair and blue eyes
img590.png,a drawing of a red and black furry animal
img591.png,a cartoon of a white and gray animal
img592.png,a drawing of a white rabbit holding a piece of paper
img593.png,a purple and black animal with big eyes
img594.png,a drawing of a black and white cat
img595.png,a black and white cat with blue eyes
img596.png,a picture of a cartoon character with horns
img597.png,a cartoon character with a sad look on his face
img598.png,a cartoon character flying through the air
img599.png,a drawing of a furry animal sitting down
img600.png,a blue bird with yellow feet and a yellow beak
img601.png,a white and blue bird with a yellow beak
img602.png,a cartoon character with a big smile on his face
img603.png,a blue and white cartoon character flying through the air
img604.png,a drawing of a blue and white object floating in water
img605.png,a drawing of a deer with a bow on its head
img606.png,a pink and yellow deer with a yellow bow on its head
img607.png,a green and yellow animal with a yellow bow on its head
img608.png,a cartoon deer with a yellow bow on its head
img609.png,a drawing of a deer standing under a tree
img610.png,a drawing of a deer with flowers on its antlers
img611.png,a cartoon of a deer with a tree on its back
img612.png,a drawing of a deer with antlers on it's head
img613.png,a cartoon character flying through the air
img614.png,a blue and yellow cartoon character with its mouth open
img615.png,a drawing of a cartoon character flying through the air
img616.png,a drawing of a furry animal wearing a vest
img617.png,a mushroom with a pink nose and a brown cap
img618.png,a cartoon character with a mushroom on his head
img619.png,a blue and white cartoon character with red eyes
img620.png,a blue and white cartoon character with a crown on his head
img621.png,a drawing of a pink fish with blue eyes
img622.png,a drawing of a pikachu with blue eyes
img623.png,a very cute looking pokemon pikachu with big eyes
img624.png,a drawing of a ball with spikes on it
img625.png,a drawing of a flying object with green eyes
img626.png,a couple of gears with eyes on them
img627.png,a cartoon of a blue and black dragon
img628.png,a drawing of a fire breathing dragon
img629.png,a cartoon of a fire breathing dragon
img630.png,a cartoon character with a target in his mouth
img631.png,a couple of gears sitting next to each other
img632.png,a close up of a metal object on a white background
img633.png,a white object with a yellow line on it
img634.png,a cartoon fish with a big smile on it's face
img635.png,a drawing of a blue and yellow dragon
img636.png,a drawing of a cartoon character holding a tennis racket
img637.png,a cartoon character with green eyes and a hat
img638.png,a candle with a blue flame on top of it
img639.png,a black and white picture of a cat wearing a witches hat
img640.png,a blue and black chandelier with flames coming out of it
img641.png,a blue and white cartoon character holding a target
img642.png,a drawing of a green and black pokemon
img643.png,a very cute looking pokemon with a big beak
img644.png,a drawing of a green and black dragon
img645.png,a cartoon elephant with a sad look on its face
img646.png,a white bear with a blue ribbon around its neck
img647.png,a blue and white cube is shown in the shape of a cube
img648.png,a cartoon character with a big smile on his face
img649.png,a drawing of a cartoon character flying through the air
img650.png,a cartoon bird with a hat on its head
img651.png,a drawing of a cartoon character with a boxing glove
img652.png,a blue cartoon character with a target in his hand
img653.png,a drawing of a cartoon character in purple and white
img654.png,a red and blue dragon with its mouth open
img655.png,a stylized image of a blue and brown robot
img656.png,an image of a cartoon character in a blue outfit
img657.png,a cartoon character with a sword in his hand
img658.png,a cartoon character with a sword in his hand
img659.png,a cartoon bison with horns and horns on it's head
img660.png,a blue and white bird with a red beak
img661.png,a cartoon bird with a re
img662.png,a pokemon ball with a bird on top of it
img663.png,a drawing of a yellow pokemon sitting on the ground
img664.png,a bird with a large beak and a large beak
img665.png,a cartoon bird with a red and yellow striped shirt
img666.png,a drawing of a spider on a white background
img667.png,a drawing of a pokemon with blue eyes
img668.png,a drawing of a pokemon pokemon with its mouth open
img669.png,a very cute looking pokemon with big wings
img670.png,a drawing of an animal with blue eyes
img671.png,a drawing of a flower with a bird on it
img672.png,a drawing of a blue and white pokemon
img673.png,a very cute looking animal with big ears
img674.png,a cartoon character with a fork and spoon in his hand
img675.png,a drawing of a green and white pokemon
img676.png,a drawing of a cartoon character on a cloud
img677.png,a green and purple cartoon character with wings
img678.png,a drawing of a cartoon character flying through the air
img679.png,a very cute looking cartoon character with big eyes
img680.png,a drawing of a white pokemon with wings
img681.png,a drawing of a black and gray dragon
img682.png,a cartoon character with a hat on top of his head
img683.png,a very cute looking pokemon with big eyes
img684.png,a cartoon of a black and white pokemon
img685.png,a drawing of a pokemon type
img686.png,a drawing of a pokemon type
img687.png,a drawing of a pony with red hair
img688.png,a drawing of a pony with a blue tail
img689.png,a drawing of a person with a hat on
img690.png,a drawing of a cartoon character with long hair
img691.png,a drawing of a purple creature with a big smile on it's face
img692.png,a picture of a cartoon character with spoons and spoons
img693.png,a drawing of a yellow and black pokemon
img694.png,a drawing of a cartoon character with a green hat
img695.png,a cartoon character flying through the air
img696.png,a picture of a cartoon character in a costume
img697.png,a drawing of a yellow and red pokemon
img698.png,a drawing of a fox with a red tail
img699.png,a drawing of a red and yellow bird holding a stick
img700.png,a blue and white cartoon character with big eyes
img701.png,a blue and white cartoon character running
img702.png,a picture of a cartoon character with blue and yellow hair
img703.png,a cartoon rabbit with a scarf around its neck
img704.png,a drawing of a cartoon character with a big smile on his face
img705.png,a cartoon bunny holding a piece of cheese
img706.png,a bird with an arrow in its beak
img707.png,a small bird with a black and white tail
img708.png,a red bird with black wings flying through the air
img709.png,a cartoon character flying through the air
img710.png,a drawing of a cartoon character with eyes and a nose
img711.png,a picture of a butterfly made out of paper
img712.png,a picture of a yellow butterfly on a white background
img713.png,a purple butterfly with orange and pink stripes
img714.png,a colorful butterfly is shown on a white background
img715.png,a green butterfly with red and black wings
img716.png,a picture of a butterfly that is orange and green
img717.png,a black and white photo of a butterfly
img718.png,a green and brown butterfly on a white background
img719.png,a blue butterfly with white stripes on its wings
img720.png,a pink butterfly with black wings and a white background
img721.png,a butterfly with a flag on it's wings
img722.png,a picture of a butterfly with blue and black wings
img723.png,a colorful butterfly that is on a white background
img724.png,a red and black butterfly sitting on top of a white background
img725.png,a blue butterfly with white dots on it's wings
img726.png,a yellow and blue butterfly sitting on top of a white surface
img727.png,a yellow and black butterfly on a white background
img728.png,a blue and yellow butterfly with yellow stripes
img729.png,a yellow and red butterfly on a white background
img730.png,a blue butterfly with white dots on its wings
img731.png,a pink butterfly with a black and white stripe on it's wings
img732.png,a cartoon animal with a red mohawk on its head
img733.png,a drawing of a cat with blue eyes
img734.png,a cartoon character is sitting on a flower
img735.png,a drawing of a cartoon character with his hands on his hips
img736.png,a cartoon character with a flower on his head
img737.png,a drawing of a flower with green leaves
img738.png,a cartoon of a horned animal with a green scarf around its neck
img739.png,a drawing of a horned animal with horns
img740.png,a cartoon panda with a leaf in its mouth
img741.png,a drawing of a panda smoking a cigarette
img742.png,a cartoon sheep is holding a hot dog
img743.png,a black and white poodle with a heart on its tail
img744.png,a drawing of a black and white poodle
img745.png,a drawing of a furry white dog with red eyes
img746.png,a drawing of a cartoon character with big eyes
img747.png,a drawing of a blue and white cat with big eyes
img748.png,a drawing of a blue and a brown monster
img749.png,a cartoon of a man with his arms in the air
img750.png,a drawing of a pair of owls with pink wings
img751.png,a yellow and black tie and a purple and white tie
img752.png,a drawing of a cartoon character with wings
img753.png,a couple of cartoon style items on a white background
img754.png,a pink bird with orange eyes and a pink tail
img755.png,a drawing of a purple monster with big eyes
img756.png,a white cloud with pink eyes and a pink nose
img757.png,a cartoon character with pink hair and a pom pom on top of it
img758.png,a cartoon character with a hat on his head
img759.png,a drawing of a cartoon character with blue hair
img760.png,a drawing of a cartoon character with two arms in the air
img761.png,a drawing of a cartoon character with claws
img762.png,a drawing of a plant with a face on it
img763.png,a drawing of a cartoon character with a big smile
img764.png,a drawing of a lizard with a flower on its head
img765.png,a cartoon character flying through the air
img766.png,a blue bird with a yellow beak on it's head
img767.png,a yellow and black pokemon with big blue eyes
img768.png,a drawing of a cartoon character in a yellow outfit
img769.png,a drawing of a dragon with its mouth open
img770.png,a cartoon of a red and white dragon
img771.png,a drawing of a blue bird with a yellow crown on its head
img772.png,a drawing of a blue dinosaur with wings
img773.png,a drawing of a blue and brown turtle
img774.png,a yellow and green animal with its mouth open
img775.png,a drawing of a pink and blue pokemon
img776.png,a drawing of a bird with a long tail
img777.png,a yellow and black cartoon character with big ears
img778.png,a gray and white pokemon ball with blue eyes
img779.png,a purple and green bird with a long tail
img780.png,a white and purple cartoon character with green eyes
img781.png,a drawing of a purple and green dragon
img782.png,a drawing of a key with a face on it
img783.png,a cartoon character with a weird look on his face
img784.png,a drawing of a creature with two green leaves
img785.png,a cartoon character with a green leaf on his head
img786.png,a drawing of a pumpkin with a bird on top of it
img787.png,a drawing of a pumpkin with a bird on top of it
img788.png,a close up of a cartoon character with big eyes
img789.png,a picture of a piece of clothing with a scarf on top of it
img790.png,a drawing of a cartoon character flying through the air
img791.png,a drawing of a dragon with a green and white tail
img792.png,a drawing of a deer with colorful feathers on it's head
img793.png,a drawing of a red and black dragon
img794.png,a green and black bird with spots on it's wings
img795.png,a drawing of a woman in a pink dress
img796.png,a drawing of a woman standing on top of a rock
img797.png,a close up of a cartoon character on a white background
img798.png,a drawing of a cartoon character in pink and grey
img799.png,a cartoon character holding onto a ring
img800.png,a drawing of a red and yellow dragon
img801.png,a blue jellyfish with red eyes and a red nose
img802.png,a drawing of a cartoon character with arms and legs
img803.png,a drawing of a creature with a big smile on its face
img804.png,a cartoon picture of a giant turtle with its mouth open
img805.png,a picture of a unicorn with orange hair
img806.png,a picture of a white horse with orange and yellow flames
img807.png,a pink animal laying on top of a white floor
img808.png,a cartoon picture of a blue and white pokemon
img809.png,a cartoon character is holding a large object
img810.png,a pink and a blue pokemon sitting next to each other
img811.png,a drawing of a cartoon character holding a wrench
img812.png,a drawing of a group of cartoon characters
img813.png,a bird with a scarf around its neck
img814.png,a cartoon of two birds standing next to each other
img815.png,a drawing of a bird with two wings
img816.png,a drawing of a cartoon seal with its mouth open
img817.png,a white ghost floating in the air
img818.png,a purple cartoon character pointing at something
img819.png,a cartoon of a purple sea creature with its mouth open
img820.png,a drawing of a cartoon character holding a gun
img821.png,a drawing of a turtle holding a roll of toilet paper
img822.png,a cartoon character with a tongue sticking out
img823.png,an image of a cartoon character in a shell
img824.png,a black and white cartoon character with big eyes
img825.png,a drawing of a cat with a hat on it's head
img826.png,a drawing of an angry looking animal with red and purple stripes
img827.png,a very cute looking pokemon character with big eyes
img828.png,a cartoon picture of a stone dragon
img829.png,a drawing of a yellow and gray pokemon character
img830.png,a drawing of a cat with a wheel in his hand
img831.png,a drawing of a cartoon character with two eyes
img832.png,a drawing of a cartoon character laying on the ground
